Variavel,count,mean,std,min,25%,50%,75%,max
age,48842.0,38.64358543876172,13.710509934443177,17.0,28.0,37.0,48.0,90.0
fnlwgt,48842.0,189664.13459727284,105604.02542315745,12285.0,117550.5,178144.5,237642.0,1490400.0
education_num,48842.0,10.078088530363212,2.5709727555918316,1.0,9.0,10.0,12.0,16.0
capital_gain,48842.0,1079.0676262233324,7452.019057653414,0.0,0.0,0.0,0.0,99999.0
capital_loss,48842.0,87.50231358257237,403.0045521244541,0.0,0.0,0.0,0.0,4356.0
hours_per_week,48842.0,40.422382375824085,12.391444024255806,1.0,40.0,40.0,45.0,99.0
